-- phpMyAdmin SQL Dump
-- version phpStudy 2014
-- http://www.phpmyadmin.net
--
-- ä¸»æœº: localhost
-- ç”Ÿæˆæ—¥æœŸ: 2017 å¹?06 æœ?14 æ—?05:54
-- æœåŠ¡å™¨ç‰ˆæœ¬: 5.5.53
-- PHP ç‰ˆæœ¬: 5.5.38

SET SQL_MODE="NO_AUTO_VALUE_ON_ZERO";
SET time_zone = "+00:00";


/*!40101 SET @OLD_CHARACTER_SET_CLIENT=@@CHARACTER_SET_CLIENT */;
/*!40101 SET @OLD_CHARACTER_SET_RESULTS=@@CHARACTER_SET_RESULTS */;
/*!40101 SET @OLD_COLLATION_CONNECTION=@@COLLATION_CONNECTION */;
/*!40101 SET NAMES utf8 */;

--
-- æ•°æ®åº“: `cpzx`
--

-- --------------------------------------------------------

--
-- è¡¨çš„ç»“æ„ `tx_ad`
--

CREATE TABLE IF NOT EXISTS `tx_ad` (
  `id` mediumint(10) unsigned NOT NULL AUTO_INCREMENT,
  `name` varchar(60) DEFAULT NULL COMMENT 'å¹¿å‘Šåç§°',
  `url` varchar(255) DEFAULT NULL COMMENT 'å¹¿å‘Šé“¾æ¥',
  `img` varchar(120) DEFAULT NULL COMMENT 'å›¾ç‰‡åœ°å€',
  PRIMARY KEY (`id`)
) ENGINE=InnoDB  DEFAULT CHARSET=utf8 AUTO_INCREMENT=5 ;

--
-- è½¬å­˜è¡¨ä¸­çš„æ•°æ® `tx_ad`
--

INSERT INTO `tx_ad` (`id`, `name`, `url`, `img`) VALUES
(1, 'å³ä¾§ä¸€', 'http://118.89.233.35:7878', '/upload/ad/1.jpg'),
(2, 'å³ä¾§äºŒ', 'http://118.89.233.35:7878', '/upload/ad/2.jpg'),
(3, 'å³ä¾§ä¸‰', 'http://118.89.233.35:7878', '/upload/ad/3.jpg'),
(4, 'åº•éƒ¨ä¸€', 'http://118.89.233.35:7878', '/upload/ad/4.jpg');

-- --------------------------------------------------------

--
-- è¡¨çš„ç»“æ„ `tx_admin`
--

CREATE TABLE IF NOT EXISTS `tx_admin` (
  `id` mediumint(10) unsigned NOT NULL AUTO_INCREMENT COMMENT 'ç”¨æˆ·id',
  `username` varchar(100) NOT NULL DEFAULT '' COMMENT 'ç™»å½•å',
  `password` varchar(255) NOT NULL COMMENT 'ç”¨æˆ·å¯†ç ',
  `ip_address` varchar(15) DEFAULT NULL,
  `phone` varchar(20) DEFAULT NULL,
  `email` varchar(100) DEFAULT NULL,
  `active` int(1) DEFAULT NULL COMMENT 'æ˜¯å¦æ´»è·ƒ',
  `last_login` int(11) DEFAULT NULL COMMENT 'æœ€åç™»å½•',
  PRIMARY KEY (`id`)
) ENGINE=InnoDB  DEFAULT CHARSET=utf8 AUTO_INCREMENT=2 ;

--
-- è½¬å­˜è¡¨ä¸­çš„æ•°æ® `tx_admin`
--

INSERT INTO `tx_admin` (`id`, `username`, `password`, `ip_address`, `phone`, `email`, `active`, `last_login`) VALUES
(1, 'cpzx', 'e10adc3949ba59abbe56e057f20f883e', NULL, NULL, NULL, NULL, NULL);

-- --------------------------------------------------------

--
-- è¡¨çš„ç»“æ„ `tx_config`
--

CREATE TABLE IF NOT EXISTS `tx_config` (
  `id` int(100) NOT NULL COMMENT 'id',
  `name` varchar(255) DEFAULT NULL COMMENT 'åç§°',
  `content` varchar(255) DEFAULT NULL COMMENT 'å†…å®¹',
  PRIMARY KEY (`id`)
) ENGINE=InnoDB DEFAULT CHARSET=utf8;

--
-- è½¬å­˜è¡¨ä¸­çš„æ•°æ® `tx_config`
--

INSERT INTO `tx_config` (`id`, `name`, `content`) VALUES
(1, 'web_name', 'å•ªå•ªå•ªè§†é¢‘å¨±ä¹ç«™'),
(2, 'web_logo', '/upload/config/logo.png'),
(3, 'web_url', '11111'),
(4, 'web_keywords', '11111'),
(5, 'web_inc', '1111'),
(6, 'web_admin', '111'),
(7, 'web_adminphone', '13013356789'),
(8, 'web_admintel', '1111'),
(9, 'web_adminqq', '11@qq.com'),
(10, 'web_address', 'aaaaa'),
(11, 'web_bottommes', 'aaaa'),
(12, 'web_kefuQQ', '12345');

-- --------------------------------------------------------

--
-- è¡¨çš„ç»“æ„ `tx_f_link`
--

CREATE TABLE IF NOT EXISTS `tx_f_link` (
  `id` int(10) unsigned NOT NULL AUTO_INCREMENT COMMENT 'é“¾æ¥ID',
  `title` varchar(100) CHARACTER SET utf8 NOT NULL COMMENT 'é“¾æ¥å',
  `link` varchar(255) CHARACTER SET utf8 NOT NULL COMMENT 'é“¾æ¥ç½‘å€',
  `sort` smallint(3) NOT NULL COMMENT 'æ’åº',
  PRIMARY KEY (`id`)
) ENGINE=InnoDB  DEFAULT CHARSET=latin1 AUTO_INCREMENT=3 ;

--
-- è½¬å­˜è¡¨ä¸­çš„æ•°æ® `tx_f_link`
--

INSERT INTO `tx_f_link` (`id`, `title`, `link`, `sort`) VALUES
(1, 'å“ˆå“ˆMX', 'http://www.baidu.com', 1),
(2, 'ç‰›ç”·ç½‘', 'http://118.89.233.35:7878', 2);

-- --------------------------------------------------------

--
-- è¡¨çš„ç»“æ„ `tx_img`
--

CREATE TABLE IF NOT EXISTS `tx_img` (
  `id` int(10) unsigned NOT NULL AUTO_INCREMENT,
  `title` varchar(120) NOT NULL DEFAULT '' COMMENT 'æ–°é—»é¢˜ç›®',
  `source` varchar(120) NOT NULL COMMENT 'æ¥æº',
  `abstract` varchar(255) NOT NULL COMMENT 'ç®€ä»‹',
  `img` varchar(255) DEFAULT '' COMMENT 'æ–°é—»é¦–å›¾',
  `addtime` char(32) NOT NULL DEFAULT '' COMMENT 'æ–°é—»æ·»åŠ æ—¶é—´',
  `author` char(36) DEFAULT '' COMMENT 'å‘å¸ƒä½œè€…',
  `click` int(10) NOT NULL DEFAULT '0' COMMENT 'æ–°é—»çƒ­åº¦',
  `comment` int(10) DEFAULT '0' COMMENT 'æ–°é—»è¯„è®ºæ•°',
  `status` int(1) DEFAULT '0' COMMENT 'çŠ¶æ€ -1.ç¦æ­¢æŸ¥çœ‹ 1.æ™®é€š 2.ä¸“é¢˜é¦–æ¡ 3.è½®æ’­é¦–é¡µ',
  PRIMARY KEY (`id`)
) ENGINE=InnoDB  DEFAULT CHARSET=utf8 AUTO_INCREMENT=10 ;

--
-- è½¬å­˜è¡¨ä¸­çš„æ•°æ® `tx_img`
--

INSERT INTO `tx_img` (`id`, `title`, `source`, `abstract`, `img`, `addtime`, `author`, `click`, `comment`, `status`) VALUES
(3, 'ç¾å¥³1', '', '', '/upload/a/170428/170428023036121.jpg', '2017-04-28 14:30', '1', 0, 0, 1),
(4, 'ç¾å¥³2', '', '', '/upload/a/170428/170428023317248.jpg', '2017-04-28 14:33', '1', 0, 0, 1),
(5, 'ç¾å¥³', '', '', '/upload/a/170428/170428023849847.jpg', '2017-04-28 14:39', '1', 0, 0, 1),
(6, 'ç¾å¥³3', '', '', '/upload/a/170428/170428041129543.jpg', '2017-04-28 16:12', '1', 0, 0, 1),
(7, 'å½©ç¥¨ç¾å¥³', '', '', '/upload/a/170428/170428041902543.jpg', '2017-04-28 16:19', '1', 0, 0, 0),
(8, 'å½©ç¥¨ç¾å¥³', '', '', '/upload/a/170428/170428041902543.jpg', '2017-04-28 16:19', '1', 0, 0, 1),
(9, 'å½©ç¥¨ç¾å¥³', '', '', '/upload/a/170502/170502093031325.jpg', '2017-05-02 09:31', '1', 0, 0, 1);

-- --------------------------------------------------------

--
-- è¡¨çš„ç»“æ„ `tx_img_content`
--

CREATE TABLE IF NOT EXISTS `tx_img_content` (
  `listid` int(10) unsigned NOT NULL AUTO_INCREMENT,
  `id` int(10) NOT NULL COMMENT 'ä¸»æ–°é—»id',
  `content` text NOT NULL,
  PRIMARY KEY (`listid`)
) ENGINE=InnoDB  DEFAULT CHARSET=utf8 AUTO_INCREMENT=10 ;

--
-- è½¬å­˜è¡¨ä¸­çš„æ•°æ® `tx_img_content`
--

INSERT INTO `tx_img_content` (`listid`, `id`, `content`) VALUES
(3, 3, '["\\/upload\\/a\\/170428\\/170428023045702.jpg","\\/upload\\/a\\/170428\\/170428023045574.jpg","\\/upload\\/a\\/170428\\/170428023045953.jpg","\\/upload\\/a\\/170428\\/170428023045931.jpg"]'),
(4, 4, '["\\/upload\\/a\\/170428\\/170428023330864.jpg","\\/upload\\/a\\/170428\\/170428023330886.jpg","\\/upload\\/a\\/170428\\/170428023330530.jpg","\\/upload\\/a\\/170428\\/170428023330930.jpg"]'),
(5, 5, '["\\/upload\\/a\\/170428\\/170428023903990.jpg","\\/upload\\/a\\/170428\\/170428023903742.jpg","\\/upload\\/a\\/170428\\/170428023903312.jpg","\\/upload\\/a\\/170428\\/170428023903150.jpg"]'),
(6, 6, '["\\/upload\\/a\\/170428\\/170428041205554.jpg","\\/upload\\/a\\/170428\\/17042804120545.jpg","\\/upload\\/a\\/170428\\/170428041205105.jpg","\\/upload\\/a\\/170428\\/170428041205583.jpg","\\/upload\\/a\\/170428\\/170428041205291.jpg","\\/upload\\/a\\/170428\\/170428041205224.jpg"]'),
(7, 7, '["\\/upload\\/a\\/170428\\/170428041922138.jpg","\\/upload\\/a\\/170428\\/170428041922795.jpg"]'),
(8, 8, '["\\/upload\\/a\\/170428\\/170428041922138.jpg","\\/upload\\/a\\/170428\\/170428041922795.jpg"]'),
(9, 9, '["\\/upload\\/a\\/170502\\/170502093106843.jpg","\\/upload\\/a\\/170502\\/170502093106837.jpg","\\/upload\\/a\\/170502\\/170502093106678.jpg","\\/upload\\/a\\/170502\\/170502093106408.jpg","\\/upload\\/a\\/170502\\/170502093106917.jpg","\\/upload\\/a\\/170502\\/170502093106440.jpg","\\/upload\\/a\\/170502\\/170502093106117.jpg","\\/upload\\/a\\/170502\\/170502093106404.jpg"]');

-- --------------------------------------------------------

--
-- è¡¨çš„ç»“æ„ `tx_news`
--

CREATE TABLE IF NOT EXISTS `tx_news` (
  `id` int(10) unsigned NOT NULL AUTO_INCREMENT,
  `typeid` int(10) NOT NULL COMMENT 'æ–°é—»ç±»å‹',
  `title` varchar(255) NOT NULL DEFAULT '' COMMENT 'æ–°é—»é¢˜ç›®',
  `shorttitle` varchar(255) DEFAULT NULL COMMENT 'çŸ­æ ‡é¢˜',
  `img2` varchar(255) DEFAULT NULL COMMENT 'å¤‡ç”¨å›¾ç‰‡å­—æ®µ',
  `img` varchar(255) DEFAULT '' COMMENT 'æ–°é—»é¦–å›¾',
  `abstract` varchar(255) DEFAULT '' COMMENT 'æ–°é—»ç®€ä»‹',
  `addtime` char(32) NOT NULL DEFAULT '' COMMENT 'æ–°é—»æ·»åŠ æ—¶é—´',
  `newstime` char(32) NOT NULL DEFAULT '' COMMENT 'æ–°é—»å‘å¸ƒæ—¶é—´',
  `author` char(36) DEFAULT '' COMMENT 'å‘å¸ƒä½œè€…',
  `click` int(10) NOT NULL DEFAULT '0' COMMENT 'æ–°é—»çƒ­åº¦',
  `comment` int(10) DEFAULT '0' COMMENT 'æ–°é—»è¯„è®ºæ•°',
  `status` int(1) DEFAULT '0' COMMENT 'çŠ¶æ€ -1.ç¦æ­¢æŸ¥çœ‹ 1.æ™®é€š 2.ä¸“é¢˜é¦–æ¡ 3.è½®æ’­é¦–é¡µ',
  `good` int(10) DEFAULT '0',
  `bad` int(10) DEFAULT '0',
  `tag` varchar(255) DEFAULT NULL COMMENT 'æ ‡ç­¾',
  `source` varchar(255) DEFAULT NULL COMMENT 'æ¥æº',
  PRIMARY KEY (`id`)
) ENGINE=InnoDB  DEFAULT CHARSET=utf8 AUTO_INCREMENT=51 ;

--
-- è½¬å­˜è¡¨ä¸­çš„æ•°æ® `tx_news`
--

INSERT INTO `tx_news` (`id`, `typeid`, `title`, `shorttitle`, `img2`, `img`, `abstract`, `addtime`, `newstime`, `author`, `click`, `comment`, `status`, `good`, `bad`, `tag`, `source`) VALUES
(25, 2, '11', '11', '', '/upload/a/170613/170613090640455.jpg', '11', '2017-06-13 09:07', '2017-06-13 09:07', '1', 63, 0, 3, 0, 0, '', '11'),
(26, 1, '22', '22', '', '/upload/a/170613/170613091213445.jpg', '22', '2017-06-13 09:12', '2017-06-13 09:12', '22', 17, 0, 1, 0, 0, '', '22'),
(27, 3, '33', '33', '', '/upload/a/170613/17061309160277.jpg', '3333', '2017-06-13 09:16', '2017-06-13 09:16', '1', 347, 0, 3, 0, 0, '', '33'),
(32, 1, '88', '88', '', '/upload/a/170613/170613092326873.jpg', '88', '2017-06-13 09:23', '2017-06-13 09:23', '88', 23, 0, 1, 0, 0, '', '88'),
(33, 6, '44', '44', '', '/upload/a/170613/170613092603234.jpg', '44', '2017-06-13 09:26', '2017-06-13 09:26', '1', 33, 0, 1, 0, 0, '', '44'),
(35, 9, '66', '66', '', '/upload/a/170613/170613044039168.jpg', '66', '2017-06-13 16:41', '2017-06-13 16:41', '1', 3, 0, 3, 0, 0, '', '66'),
(36, 9, '77', '77', '', '/upload/a/170613/17061304432543.jpg', '77', '2017-06-13 16:43', '2017-06-13 16:43', '1', 1, 0, 1, 0, 0, '', '77'),
(37, 9, '111', '111', '', '/upload/a/170613/170613051348748.jpg', '6666', '2017-06-13 17:13', '2017-06-13 17:13', '1', 2, 0, 1, 0, 0, '', '11'),
(38, 9, 'ff', 'ff', '', '/upload/a/170613/170613052605434.jpg', 'ffff', '2017-06-13 17:26', '2017-06-13 17:26', '1', 2, 0, 1, 0, 0, '', 'ff'),
(39, 5, 'aa', 'aa', '', '/upload/a/170614/170614084845259.jpg', 'aa', '2017-06-14 08:48', '2017-06-14 08:48', '1', 0, 0, 1, 0, 0, '', 'aa'),
(49, 5, '123', '123', '', '/upload/a/170614/170614103003779.jpg', '123', '2017-06-14 10:30', '2017-06-14 10:30', '1', 0, 0, 1, 0, 0, '', '123'),
(50, 1, '123', '123', '', '/upload/a/170614/170614103551672.jpg', '123', '2017-06-14 10:35', '2017-06-14 10:35', '123', 3, 0, 1, 0, 0, '', '123');

-- --------------------------------------------------------

--
-- è¡¨çš„ç»“æ„ `tx_news_content`
--

CREATE TABLE IF NOT EXISTS `tx_news_content` (
  `listid` int(10) unsigned NOT NULL AUTO_INCREMENT,
  `id` int(10) NOT NULL COMMENT 'ä¸»æ–°é—»id',
  `content` text NOT NULL,
  PRIMARY KEY (`listid`)
) ENGINE=InnoDB  DEFAULT CHARSET=utf8 AUTO_INCREMENT=51 ;

--
-- è½¬å­˜è¡¨ä¸­çš„æ•°æ® `tx_news_content`
--

INSERT INTO `tx_news_content` (`listid`, `id`, `content`) VALUES
(25, 25, '/upload/a/170613video/pre_03e0704b5690a2dee1861dc3ad3316c91497316013.mp4'),
(26, 26, '/upload/a/170613video/pre_0a934ecab584f7a4cd0220a7caeccbcc1497316353.mp4'),
(27, 27, '/upload/a/170613video/pre_e077e1a544eec4f0307cf5c3c721d9441497316572.mp4'),
(32, 32, 'yyy'),
(33, 33, 'yyy'),
(35, 35, '/upload/a/170613video/pre_fce34b6aef091b6fb2032870279690f81497343257.mp4'),
(36, 36, '/upload/a/170613video/pre_cec6f62cfb44b1be110b7bf70c8362d81497343415.mp4'),
(37, 37, 'yyy'),
(38, 38, 'yyy'),
(39, 39, 'yyy'),
(49, 49, 'yyy'),
(50, 50, 'yyy');

-- --------------------------------------------------------

--
-- è¡¨çš„ç»“æ„ `tx_news_status`
--

CREATE TABLE IF NOT EXISTS `tx_news_status` (
  `id` int(10) NOT NULL,
  `name` char(32) DEFAULT NULL COMMENT 'ç±»å‹å',
  PRIMARY KEY (`id`)
) ENGINE=InnoDB DEFAULT CHARSET=utf8;

--
-- è½¬å­˜è¡¨ä¸­çš„æ•°æ® `tx_news_status`
--

INSERT INTO `tx_news_status` (`id`, `name`) VALUES
(0, 'ç¦æ­¢æ˜¾ç¤º'),
(1, 'æ™®é€šæ–°é—»'),
(2, 'ç½®é¡¶æ–°é—»'),
(3, 'è½®æ’­æ–°é—»');

-- --------------------------------------------------------

--
-- è¡¨çš„ç»“æ„ `tx_news_tag`
--

CREATE TABLE IF NOT EXISTS `tx_news_tag` (
  `id` mediumint(10) unsigned NOT NULL AUTO_INCREMENT,
  `tagname` varchar(255) CHARACTER SET utf8 NOT NULL COMMENT 'æ ‡ç­¾å',
  `click` int(10) NOT NULL DEFAULT '0' COMMENT 'æ¸¸è§ˆé‡',
  PRIMARY KEY (`id`)
) ENGINE=InnoDB  DEFAULT CHARSET=latin1 AUTO_INCREMENT=16 ;

--
-- è½¬å­˜è¡¨ä¸­çš„æ•°æ® `tx_news_tag`
--

INSERT INTO `tx_news_tag` (`id`, `tagname`, `click`) VALUES
(1, '1111', 2),
(2, '11111', 0),
(3, '111', 0),
(4, 'å¤§ä¹é€', 15),
(5, 'åŒè‰²çƒ', 13),
(6, 'aaaa', 3),
(7, 'bbb', 3),
(8, 'ccc', 2),
(9, 'å±±ä¸œ23é€‰5', 0),
(10, 'ç¦å½©15é€‰5ç©æ³•', 3),
(11, 'å…·æœ‰ä¸°å¯Œåˆ›æ„çš„åŸ¹æ ¹å½©ç¥¨', 3),
(12, '1', 37),
(13, '88', 1),
(14, '44', 0),
(15, '22', 0);

-- --------------------------------------------------------

--
-- è¡¨çš„ç»“æ„ `tx_news_type`
--

CREATE TABLE IF NOT EXISTS `tx_news_type` (
  `id` int(10) unsigned NOT NULL AUTO_INCREMENT,
  `name` char(32) NOT NULL COMMENT 'ç±»å‹å',
  `sort` smallint(3) NOT NULL COMMENT 'ä¼˜å…ˆçº§',
  `key` int(11) NOT NULL,
  `info` int(11) NOT NULL,
  `status` smallint(1) NOT NULL DEFAULT '0' COMMENT 'æ ç›®çŠ¶æ€ 0æ˜¾ç¤º 1éšè—',
  PRIMARY KEY (`id`)
) ENGINE=InnoDB  DEFAULT CHARSET=utf8 AUTO_INCREMENT=10 ;

--
-- è½¬å­˜è¡¨ä¸­çš„æ•°æ® `tx_news_type`
--

INSERT INTO `tx_news_type` (`id`, `name`, `sort`, `key`, `info`, `status`) VALUES
(1, 'æ¬¢ä¹ç²¾é€‰', 1, 1, 1, 0),
(2, 'å¥‡é—»è¶£äº‹', 2, 3, 2, 0),
(3, 'æç¬‘è¾¾äºº', 3, 3, 3, 0),
(4, 'åŸåˆ›æ¶æ', 4, 4, 4, 0),
(5, 'é›·äººå›§äº‹', 5, 5, 5, 0),
(6, 'æœ€å¼ºåæ§½', 6, 6, 6, 0),
(7, 'æ¶ææ–°ç¼–', 7, 7, 7, 0),
(8, 'ç¦åˆ©è§†é¢‘APP', 8, 8, 8, 0),
(9, 'ç¾å¥³', 9, 9, 9, 0);

-- --------------------------------------------------------

--
-- è¡¨çš„ç»“æ„ `tx_vote`
--

CREATE TABLE IF NOT EXISTS `tx_vote` (
  `nid` int(11) unsigned NOT NULL,
  `vote` varchar(32) NOT NULL,
  `dvote` varchar(32) NOT NULL,
  `ip` text NOT NULL
) ENGINE=InnoDB DEFAULT CHARSET=utf8;

--
-- è½¬å­˜è¡¨ä¸­çš„æ•°æ® `tx_vote`
--

INSERT INTO `tx_vote` (`nid`, `vote`, `dvote`, `ip`) VALUES
(27, '1', '', '12.0.0.1'),
(32, '1', '', '127.0.0.1'),
(25, '', '0', '127.0.0.1'),
(27, '1', '', '127.0.0.2'),
(27, '', '0', '127.0.0.3'),
(27, '1', '', '127.0.0.4'),
(27, '', '0', '127.0.0.1'),
(33, '1', '', '127.0.0.1'),
(35, '1', '', '127.0.0.1'),
(37, '', '0', '127.0.0.1'),
(38, '1', '', '127.0.0.1'),
(26, '', '0', '127.0.0.1'),
(50, '1', '', '127.0.0.1');

/*!40101 SET CHARACTER_SET_CLIENT=@OLD_CHARACTER_SET_CLIENT */;
/*!40101 SET CHARACTER_SET_RESULTS=@OLD_CHARACTER_SET_RESULTS */;
/*!40101 SET COLLATION_CONNECTION=@OLD_COLLATION_CONNECTION */;
